,content,time,author
0,Collecting up to 369 messages from channel memes,2021-10-31 22:19:28.852,Barbara
1,%messages collect 369,2021-10-31 22:19:28.462,Calamari
2,neat,2021-10-28 03:55:48.515,RaT
3,whoaa,2021-10-28 03:50:54.279,Calamari
4,epilepsy warning,2021-10-28 03:48:33.169,3847575
5,https://www.reddit.com/r/Mindustry/comments/qh2l0w/routate/,2021-10-28 03:48:21.097,3847575
6,things i dont know how to feel about: pt.1,2021-10-28 03:48:20.499,3847575
7,69+69+69+69+69+69+6,2021-10-24 03:19:31.483,Calamari
8,"What is more cursed?
666999
696969",2021-10-24 03:07:19.058,Randomtings
9,,2021-10-23 20:49:35.694,rat
10,I was too sussy on mobile,2021-10-20 05:24:26.334,RaT
11,Looks fun,2021-10-20 05:24:14.367,RaT
12,play with headphones at max volume,2021-10-20 03:07:03.552,Calamari
13,the game is actually real hard though,2021-10-20 03:06:53.641,Calamari
14,https://www.iminpain.org/,2021-10-20 03:06:39.258,Calamari
15,uhhhhhhhhhh,2021-10-19 19:55:02.530,Toxtrok
16,,2021-10-19 04:54:27.678,3847575
17,,2021-10-19 04:46:52.896,3847575
18,,2021-10-19 04:45:28.332,3847575
19,,2021-10-19 04:44:40.685,3847575
20,,2021-10-19 04:44:00.333,3847575
21,,2021-10-19 04:43:15.816,3847575
22,,2021-10-10 22:00:31.245,RaT
23,,2021-10-06 00:57:10.186,rat
24,,2021-10-05 03:40:02.968,Calamari
25,,2021-10-02 03:35:30.844,RaT
26,so worth it,2021-09-30 00:44:15.289,rat
27,https://cdn.discordapp.com/attachments/745136865690124369/819008655798042654/Screenshot_2021-03-09_164529.png,2021-09-30 00:27:50.674,3847575
28,,2021-09-29 23:44:27.878,Calamari
29,"Techno would depose god the dictator of heaven if he died, therefor god keeps him on earth",2021-09-29 22:54:45.813,Randomtings
30,i like the yellow,2021-09-29 22:54:32.848,rat
31,,2021-09-29 22:54:01.218,Randomtings
32,https://how-i-experience-web-today.com/,2021-09-29 02:25:43.597,Calamari
33,i hate this one so much,2021-09-28 23:01:18.037,Toxtrok
34,relatable,2021-09-28 05:05:02.572,3847575
35,yes,2021-09-28 03:43:07.363,RaT
36,,2021-09-28 03:38:56.037,Randomtings
37,,2021-09-28 03:37:24.973,Randomtings
38,,2021-09-28 03:24:27.324,Randomtings
39,,2021-09-28 03:21:41.478,Randomtings
40,Correct,2021-09-26 23:52:42.878,Silverysky
41,Elaine:,2021-09-26 23:44:57.782,RaT
42,,2021-09-26 13:47:05.421,RaT
43,Nolan Lurino from the JCWYT discord has shown me the tru meaning of life,2021-09-25 18:34:41.975,Calamari
44,alternate versions of the flushed emoji,2021-09-24 22:19:50.253,spicysourdough
45,A doge (;,2021-09-23 01:17:23.075,rat
46,https://en.wikipedia.org/wiki/Doge,2021-09-23 01:17:10.072,RaT
47,~~iÃ≠ÃÜÃà~~,2021-09-18 00:13:42.762,RaT
48,https://qarnot.com/en/the-radiator-computer/,2021-09-16 02:24:29.372,Calamari
49,^,2021-09-11 02:38:08.466,Calamari
50,just download more RAM,2021-09-11 00:38:32.254,3847575
51,either that is a very obscure joke or another person forgot that this is memes,2021-09-11 00:38:25.402,rat
52,MultiMC: Process crashed with exitcode -805306369,2021-09-11 00:37:02.451,Fire24
53,its a meme now üòâ,2021-09-10 01:19:15.160,Randomtings
54,somehow thought this was general,2021-09-10 01:18:59.263,Randomtings
55,oh,2021-09-10 01:18:42.737,Randomtings
56,Why in memes,2021-09-10 01:17:10.679,Calamari
57,"never mind my dad hijacked my plans, I might be around in 45-60",2021-09-09 23:33:59.667,Randomtings
58,who is up for mindustry in 2-20 minutes?,2021-09-09 23:29:58.581,Randomtings
59,why,2021-09-08 01:49:59.265,rat
60,yes,2021-09-08 01:49:52.487,Calamari
61,owo 0w0 uwu???,2021-09-08 01:49:48.394,rat
62,so you don't have to do it manually,2021-09-08 01:49:36.250,Calamari
63,`%owo 0w0 uwu [message-id]` deletes a message,2021-09-08 01:49:28.506,Calamari
64,im going to have to delete this for hazardous misinformation,2021-09-08 01:48:56.620,rat
65,https://www.reddit.com/r/feedthebeast/comments/pjldfy/extra_cells_joke_walrus_texture_uses_twice_as/,2021-09-08 01:48:09.077,3847575
66,why would you do this to walrus,2021-09-08 01:48:06.225,rat
67,horrible,2021-09-08 01:47:59.989,rat
68,bad,2021-09-08 01:47:57.517,rat
69,comments,2021-09-08 01:47:48.490,3847575
70,https://www.curseforge.com/minecraft/texture-packs/extra-cells-2-walrus-shrinker,2021-09-08 01:47:43.632,3847575
71,<:troll:822326822477889566>,2021-09-07 03:53:02.278,rat
72,Bro why?,2021-09-07 03:39:47.293,ToddMannEQuinn
73,"that wasn't the emoji I wanted to send, but I'm glad I sent it",2021-09-07 03:25:42.201,Calamari
74,<:UnityChanShocked:531995426912469003>,2021-09-07 03:25:16.793,Calamari
75,too late i lava-casted the whole mountain range,2021-09-07 03:16:40.671,rat
76,I'll get to it eventually,2021-09-07 03:15:13.086,ToddMannEQuinn
77,Give me a few days,2021-09-07 03:15:08.503,ToddMannEQuinn
78,"No, not yet",2021-09-07 03:14:59.322,ToddMannEQuinn
79,did you claim them for your faction?,2021-09-07 03:13:28.364,RaT
80,Still unclaimed?,2021-09-07 02:57:26.287,ToddMannEQuinn
81,Reached unclaimed chunks out hiking today,2021-09-07 02:31:17.726,rat
82,"wikipedia is a liar
     Despite being referred to as a war, there were no casualties on either side.",2021-09-06 02:37:56.605,RaT
83,Funny,2021-09-06 02:07:11.102,ToddMannEQuinn
84,Oh the pig war,2021-09-06 02:07:08.931,ToddMannEQuinn
85,https://cdn.discordapp.com/attachments/774352792659820598/884248732693061662/video0.mp4,2021-09-06 01:40:49.559,Calamari
86,https://discord.com/channels/237199950235041794/782301194999693372/796764363628347422,2021-09-04 20:21:56.924,Calamari
87,,2021-09-04 18:55:35.917,rat
88,https://store.steampowered.com/app/1414290/VR_Maze/,2021-09-04 18:55:13.032,rat
89,,2021-09-04 18:53:31.032,rat
90,yes... alas the state of our society,2021-09-04 18:40:00.003,Calamari
91,(/s bc i can already see people who havent clicked on the link screaming at me),2021-09-04 18:39:31.323,3847575
92,you spelled it wrong.,2021-09-04 18:39:00.076,3847575
93,https://guthib.com/,2021-09-04 18:36:13.845,Calamari
94,,2021-09-03 02:15:07.744,ToddMannEQuinn
95,,2021-08-28 17:27:38.149,Calamari
96,THe green is what josh talks about above the other lines are full netherite and diamond,2021-08-28 00:49:09.504,Toxtrok
97,"Fun fact: In 1.17.1, wearing full prot IV netherite with feather falling, turtle master II, and a notch apple, it would take upwards of 1100 damage to die in a single fall",2021-08-28 00:46:57.520,RaT
98,"https://en.wikipedia.org/wiki/Wikipedia:Please_be_a_giant_dick,_so_we_can_ban_you",2021-08-27 22:19:10.319,Calamari
99,concur,2021-08-27 01:30:16.866,3847575
100,same thing basically,2021-08-26 00:14:27.119,rat
101,"beat saber: murder hundreds of blocks
DOOM Eternal: murder hundreds of demons",2021-08-26 00:14:22.695,rat
102,how does this recommendation make sense?,2021-08-26 00:09:40.734,RaT
103,I should stop scrolling now,2021-08-05 04:51:52.679,moose_123_
104,https://cdn.discordapp.com/attachments/578626267222638602/867796136827813939/Screenshot_20210722-095004-834.png,2021-08-05 04:51:38.332,moose_123_
105,https://qph.fs.quoracdn.net/main-qimg-be432948b263e27237234ded32e43b43,2021-08-05 04:47:56.363,moose_123_
106,that was NOT a typo,2021-08-03 20:53:47.942,RaT
107,Quinn is a solder confirmed,2021-08-03 20:53:43.296,RaT
108,dont translate that,2021-08-03 20:47:12.976,rat
109,Quinn is Soldat confirmed,2021-08-03 20:46:55.093,RaT
110,Quinn is a catgirl named Effervescent Ice Baby confirmed,2021-08-03 20:43:03.578,RaT
111,brevis penis,2021-08-03 20:43:01.351,RaT
112,ikr,2021-08-03 20:38:57.240,3847575
113,thats literally u,2021-08-03 20:38:52.348,rat
114,,2021-08-03 20:38:40.634,3847575
115,:o,2021-08-03 20:26:25.992,rat
116,<:catgirl:872205123999391784>,2021-08-03 19:51:59.041,3847575
117,<:catgirl:872205123999391784>,2021-08-03 19:51:55.032,RaT
118,<:catgirl:872205123999391784>,2021-08-03 19:51:52.912,Calamari
119,"<:catgirl:872205123999391784> added with the name ""catgirl""",2021-08-03 19:51:46.421,Carl-bot
120,?steal catgirl https://cdn.discordapp.com/attachments/833464095326994474/872204809309126716/unknown.png,2021-08-03 19:51:46.152,Calamari
121,<@!738843304057372702> NEW EMOJI RN,2021-08-03 19:51:27.708,3847575
122,,2021-08-03 19:50:31.881,3847575
123,quinn is being bullied confirmed,2021-08-03 19:42:46.755,3847575
124,i am being bullied,2021-08-03 19:42:37.511,rat
125,quinn is planning a tpk confirmed,2021-08-03 19:42:29.528,RaT
126,quinn is part of the catgirl squad confirmed,2021-08-03 19:42:01.846,RaT
127,+40 strength,2021-08-03 19:40:22.363,rat
128,dwyne rok,2021-08-03 19:40:10.927,RaT
129,rok,2021-08-03 19:40:02.023,RaT
130,except str and con,2021-08-03 19:39:36.563,RaT
131,roc: -20 to all stats,2021-08-03 19:39:24.337,RaT
132,irl ofc,2021-08-03 19:36:53.653,3847575
133,nvm quinn is a catgirl confirmed,2021-08-03 19:36:50.002,3847575
134,quinn is a non-binary cat child confirmed,2021-08-03 19:36:02.812,3847575
135,quinn is a catperson confirmed,2021-08-03 19:35:34.723,RaT
136,quinn is a catgirl confirmed,2021-08-03 19:32:59.946,3847575
137,this is a thing... https://www.dandwiki.com/wiki/Catgirl_(3.5e_Race),2021-08-03 19:32:47.016,RaT
138,https://www.reddit.com/r/dndmemes/comments/ordl74/my_dm_wont_let_me_make_plastic_explosive_out_of/?utm_medium=android_app&utm_source=share,2021-07-26 20:59:28.402,Randomtings
139,Ah,2021-07-26 18:33:55.739,RaT
140,,2021-07-26 18:33:36.110,Fire24
141,,2021-07-20 21:33:31.988,3847575
142,"""yo my GPU is going to go so wacky when I'm a girl"" - bonjour, 2021",2021-07-20 21:04:48.028,RaT
143,thanks,2021-07-18 23:01:53.608,3847575
144,^,2021-07-18 23:01:00.190,Calamari
145,chiken,2021-07-18 23:00:56.397,rat
146,"respectfully, what",2021-07-18 23:00:43.788,3847575
147,https://www.youtube.com/watch?v=0bA5Hfd6QXE,2021-07-18 22:19:22.331,Calamari
148,Dell is like *fine*,2021-07-18 20:44:05.221,Calamari
149,right?,2021-07-18 19:07:39.202,RaT
150,Callum likes Dell,2021-07-18 19:07:21.508,RaT
151,"(except for alienware, they are cool)",2021-07-18 19:04:59.438,rat
152,"frick dell, all my homies hate dell",2021-07-18 19:04:45.233,rat
153,This is how I feel whenever I have to do techy stuff which is over my head (which is almost everything) https://youtu.be/MR25BVBsuS0,2021-07-18 18:58:32.416,Toxtrok
154,https://www.youtube.com/watch?v=YCrR6UqIn6Q,2021-07-16 21:49:21.577,Calamari
155,https://m.youtube.com/watch?v=KLGoiyTmko0,2021-07-16 21:21:57.859,Fire24
156,https://www.youtube.com/watch?v=H47ow4_Cmk0,2021-07-16 04:55:10.863,3847575
157,no car no fly,2021-07-15 03:44:46.105,Toxtrok
158,cargo space?,2021-07-15 03:44:37.862,Toxtrok
159,"Tried doing it on TurnipCraft, did not get banned :/",2021-07-15 03:10:46.361,Calamari
160,https://www.youtube.com/watch?v=8i5BBR1yaJg,2021-07-15 01:55:43.915,Fire24
161,"no, dont",2021-07-14 00:46:23.491,3847575
162,Stop,2021-07-13 23:25:24.796,rat
163,,2021-07-13 23:24:56.848,spicysourdough
164,https://tenor.com/view/programmer-developer-debugging-code-testing-fixing-gif-7663766,2021-07-13 17:47:37.851,Calamari
165,https://media.discordapp.net/attachments/849721584083009546/851353966188298250/redditsave.com_kq5ks7ftdo371.gif,2021-07-08 00:01:15.924,ÔΩ°‚ãÜ  ö…û liz  ö…û ‚ãÜ ÔΩ°
166,https://www.reddit.com/r/feedthememes/comments/of3xdg/because_the_fabric_api_is_intentionally_kept/,2021-07-07 02:13:45.445,3847575
167,Is it edible,2021-06-30 01:30:38.375,edwn
168,"in case you havent seen it, this produces some really juicy meat",2021-06-28 05:06:42.049,3847575
169,https://www.youtube.com/watch?v=09KNADrUBu0,2021-06-28 05:06:29.532,3847575
170,Some people haven't seen that especially the newer membera,2021-06-27 16:43:53.294,Toxtrok
171,Ah yes,2021-06-27 16:10:43.939,Randomtings
172,So here is something I can do with my finger,2021-06-27 04:34:32.775,Toxtrok
173,,2021-06-27 03:01:41.961,moose_123_
174,Mhm,2021-06-26 18:58:48.500,Calamari
175,That is from 4 days ago??,2021-06-26 18:49:17.368,rat
176,I am so cool,2021-06-26 18:48:39.634,Calamari
177,I also normally use a headset,2021-06-26 18:48:28.702,Calamari
178,"It's also the coding language, and up until Alex explained what it was I was so confused",2021-06-26 17:54:15.810,Calamari
179,bash is an archive of some of the best/most famous early 2000's internet humor,2021-06-26 04:45:07.649,3847575
180,"#120296 +(11238)- [X]

<link>once upon a midnight dreary, while i pron surfed, weak and weary, over many a strange and spurious site of ' hot  xxx galore'. While i clicked my fav'rite bookmark, suddenly there came a warning, and my heart was filled with mourning, mourning for my dear amour, "" 'Tis not possible!"", i muttered, "" give me back my free hardcore!""..... quoth the server, 404.
<hokage> *cries*, scary....",2021-06-26 04:44:12.657,RaT
181,how IRC works is cool,2021-06-26 04:44:02.549,RaT
182,discord is functionally pretty much irc with a gui though,2021-06-26 04:43:32.846,3847575
183,"discord calls itself fancy irc i think, and you can even find a reference to it in app settings > appearance (compact option)",2021-06-26 04:42:54.611,3847575
184,would recommend,2021-06-26 04:42:28.985,RaT
185,great site,2021-06-26 04:42:22.422,RaT
186,https://en.wikipedia.org/wiki/Internet_Relay_Chat in case you dont know what irc is,2021-06-26 04:41:34.138,3847575
187,"in case you're wondering, its a site where people post funny quotes; has its roots at the time period when irc was still widespread, so early 2000's iirc",2021-06-26 04:41:10.379,3847575
188,top is a good place to start,2021-06-26 04:39:43.402,3847575
189,"#406373 +(11782)- [X]

<[TN]FBMachine> i got kicked out of barnes and noble once for moving all the bibles into the fiction section",2021-06-26 04:39:42.742,RaT
190,josh is still reading it apparently,2021-06-26 04:39:37.284,3847575
191,would highly recommend,2021-06-26 04:39:25.863,3847575
192,bash.org,2021-06-26 04:39:17.160,3847575
193,What site is this?,2021-06-26 04:39:09.218,rat
194,there are so many humorous posts...,2021-06-26 04:38:20.743,RaT
195,this site is amazing,2021-06-26 04:38:07.696,RaT
196,"#412248 +(12064)- [X]

<Locl-Yocl> I helped the EMTs at a car wreck and got blood all over my arms and shirt. It looked like I murdered 20 people with a fork... anyway, I walked into a convieniance store down the street and said my girlfriend needs a tampon. The guy at the counter was mortified.",2021-06-26 04:37:39.272,RaT
197,"#665807 +(9231)- [X]

omg its zack wtf: my math teacher staples burger king applications to failed tests",2021-06-26 04:35:57.006,RaT
198,Neither have I,2021-06-26 04:34:16.236,rat
199,I've never seen it,2021-06-26 04:33:56.481,RaT
200,that aint recent thats a joke thats more stale than the m&m beneath the carseat,2021-06-26 04:32:42.684,3847575
201,"#962982 +(841)- [X]

RageOmega: my gf's father yelled at me when he found out i took her virginity, i told him it wouldnt happen again and he let me off the hook",2021-06-26 04:31:04.369,RaT
202,I'm going through recent,2021-06-26 04:30:55.611,RaT
203,what number are you on now,2021-06-26 04:29:20.521,3847575
204,"<PeopleProgrammer> www.masterprocrastinator.com is taken
<TungstenCarbide> you shouldn't have waited so long",2021-06-26 04:19:37.638,RaT
205,L,2021-06-22 23:31:07.788,rat
206,I normally use a head set,2021-06-22 23:30:42.785,Toxtrok
207,https://tenor.com/view/airpods-apple-air-pods-gif-13153308,2021-06-22 23:24:00.674,moose_123_
208,"Imagine not using wireless earbuds, couldn‚Äôt be me",2021-06-22 23:23:42.472,moose_123_
209,Yay pair 4,2021-06-22 23:18:34.356,Toxtrok
210,<@!397191449894060045> this is u,2021-06-21 23:46:30.202,rat
211,üçïüçï,2021-06-19 02:44:16.242,Da marmot
212,,2021-06-18 23:20:05.089,Silverysky
213,<:apple_emoji:836684972702040074>,2021-06-16 19:52:32.072,moose_123_
214,üçé,2021-06-16 18:55:52.059,Da marmot
215,https://www.youtube.com/channel/UCBEqwBp--NHqTbSO2BRYEbQ/videos?view=0&sort=p&flow=grid,2021-06-15 03:45:36.333,Calamari
216,https://www.youtube.com/watch?v=jt8nz7XDpUM,2021-06-14 03:50:32.382,Calamari
217,"nah there is, just all excluded for some reason",2021-06-10 17:28:47.734,rat
218,there were just no graded items in q1 probably,2021-06-10 17:27:54.836,3847575
219,i dont either,2021-06-10 17:04:36.214,rat
220,¬Ø\_(„ÉÑ)_/¬Ø,2021-06-10 17:04:17.065,Calamari
221,wait but why dont you have a Q1 grade in history??,2021-06-10 17:04:05.431,moose_123_
222,medically excused medical excuse,2021-06-10 17:03:57.858,rat
223,ohhh,2021-06-10 17:03:48.365,moose_123_
224,Medical Excuse?,2021-06-10 17:03:46.137,moose_123_
225,^,2021-06-10 17:03:32.326,Calamari
226,MEME,2021-06-10 17:03:26.222,rat
227,you mean the mr burke thing?,2021-06-10 17:03:00.018,moose_123_
228,Lok at friday,2021-06-10 17:02:52.837,Calamari
229,;),2021-06-10 17:02:18.713,Calamari
230,you cut off semester 2?,2021-06-10 17:02:03.072,moose_123_
231,Anyone notice something,2021-06-10 16:53:05.926,Calamari
232,,2021-06-09 15:47:44.263,Fire24
233,https://www.youtube.com/watch?v=OQlL9hgLlsE,2021-06-08 18:23:56.010,3847575
234,why memes? Idk,2021-06-08 02:59:34.899,Calamari
235,Oh this __***isn't***__ clickbait‚Ñ¢Ô∏è,2021-06-08 02:59:13.604,Calamari
236,https://tenor.com/view/ranboo-pan-pansexual-gif-21677093,2021-06-07 07:04:22.926,3847575
237,https://tenor.com/view/fridge-surprise-hit-pan-fail-gif-8180218,2021-06-07 07:04:13.755,3847575
238,they did the thing,2021-06-04 17:07:11.258,3847575
239,they,2021-06-04 17:07:06.588,3847575
240,¬ø,2021-06-04 17:01:41.166,RaT
241,Oh gods,2021-06-04 17:00:42.411,Silverysky
242,,2021-06-04 16:59:30.697,RaT
243,...,2021-06-03 19:53:09.143,RaT
244,close enough,2021-06-03 19:51:50.709,3847575
245,that seems like something from The Onion,2021-06-03 19:49:13.123,RaT
246,,2021-06-03 19:35:26.547,3847575
247,you know what have another,2021-06-01 19:04:03.870,3847575
248,if you havent seen it; correlation =/= causation,2021-06-01 19:01:52.308,3847575
249,,2021-06-01 19:01:26.986,3847575
250,"No, it wasn't obvious at all",2021-05-31 22:28:58.753,Silverysky
251,could you tell that i went to the aquarium today?,2021-05-31 21:39:45.121,Toxtrok
252,Imagine if animals did that on land,2021-05-31 19:12:31.046,Toxtrok
253,,2021-05-31 19:12:25.060,Toxtrok
254,Did you know that this is the fastest seahorses,2021-05-31 19:10:34.941,Toxtrok
255,The most sausage like animal I have ever seen,2021-05-31 19:09:30.315,Toxtrok
256,,2021-05-31 19:09:01.709,Toxtrok
257,Imagine crab rave but with those ones,2021-05-31 18:53:42.694,Toxtrok
258,,2021-05-31 18:53:42.162,Toxtrok
259,time to make it not make me want to bleach my eyes out,2021-05-30 03:03:38.841,3847575
260,"```JAVA
registerNormalCube((Block) ((RegistryObject) obj).get(), ((RegistryObject) obj).get().getRegistryName().toString());
```",2021-05-30 03:02:53.722,3847575
261,"True programmer here:
https://youtu.be/vTMEdHcKgM4?t=619",2021-05-29 16:14:28.751,Calamari
262,yeah i have never understood the tongue thing either,2021-05-28 16:11:43.740,rat
263,tf are you guys talking about,2021-05-28 16:11:11.336,RaT
264,You are the worst human being,2021-05-28 15:59:09.641,Silverysky
265,Can you feel it?,2021-05-28 15:51:45.196,Toxtrok
266,¬ø,2021-05-28 15:51:01.237,RaT
267,But are you aware of your tongue,2021-05-28 15:50:44.758,Toxtrok
268,me too,2021-05-28 05:55:04.192,Randomtings
269,I hate you,2021-05-28 03:18:35.392,Silverysky
270,You are now manually breathing,2021-05-28 03:14:12.180,Toxtrok
271,it's an ungraded assignment w/ a grade,2021-05-27 18:02:57.534,RaT
272,that makes total sense,2021-05-27 18:02:40.112,RaT
273,they found out!,2021-05-27 17:23:15.584,RaT
274,Leimon Daemon,2021-05-27 15:04:54.739,RaT
275,"Choose one

Leemon demon 
Or
Lemon dehmon",2021-05-27 09:03:18.963,Toxtrok
276,,2021-05-22 18:23:26.045,Toxtrok
277,it is suprising (not really) how many posts there are on whatever forum from bedrock players asking for java mods,2021-05-21 23:11:23.008,rat
278,,2021-05-21 23:08:18.918,Calamari
279,Makes sense,2021-05-21 22:14:01.768,Silverysky
280,Ah yeah,2021-05-21 22:13:58.876,Silverysky
281,||water logging slabs||,2021-05-21 22:13:37.632,Calamari
282,Alright tell me how,2021-05-21 22:12:38.812,Silverysky
283,btw randomtickspeed was set to 3000,2021-05-21 22:08:31.269,RaT
284,that lasts forever,2021-05-21 22:05:58.541,RaT
285,yes it will,2021-05-21 22:05:53.879,RaT
286,It won't last long though,2021-05-21 22:03:25.292,Silverysky
287,True,2021-05-21 22:03:17.549,Silverysky
288,,2021-05-21 21:58:36.646,RaT
289,this can be done in vanilla survival with no cheats,2021-05-21 21:58:20.668,RaT
290,,2021-05-21 19:32:43.409,Calamari
291,yay!,2021-05-20 00:23:22.094,RaT
292,yay,2021-05-20 00:11:38.687,Toxtrok
293,https://www.youtube.com/watch?v=TU45LNDDFyY&t=57s,2021-05-18 03:38:48.247,Toxtrok
294,,2021-05-17 04:44:19.995,Calamari
295,the number one answer:,2021-05-17 04:43:30.065,Calamari
296,,2021-05-17 04:43:22.272,Calamari
297,,2021-05-12 21:43:52.319,RaT
298,,2021-05-12 21:41:42.789,RaT
299,,2021-05-12 18:39:32.213,Fire24
300,can i please play Win32:javaw.exe_0m2k4gy1nctt6g! java=org.multimc.EntryPoint a little longer :(,2021-05-10 22:00:25.887,rat
301,,2021-05-10 21:59:26.996,Calamari
302,,2021-05-09 17:16:09.434,RaT
303,WDhahahassadc - quote Alexnader,2021-05-09 08:05:43.972,Toxtrok
304,and please don't ping reply,2021-05-05 16:03:55.413,RaT
305,that's the same thing!,2021-05-05 16:03:36.422,RaT
306,by 4D I think they mean 4-axis,2021-05-05 00:54:55.595,Calamari
307,ah,2021-05-04 16:49:52.598,RaT
308,https://www.youtube.com/watch?v=92z-caTmIdw,2021-05-04 16:26:05.606,Calamari
309,and why is Never4get in the technical minecraft iceberg?,2021-05-04 16:23:04.469,RaT
310,ah,2021-05-04 16:22:29.269,RaT
311,it has 4 diorite blocks,2021-05-04 16:22:04.749,rat
312,does it somehow cross dimensions?,2021-05-04 16:21:36.476,RaT
313,how can a flying machine be 4d?,2021-05-04 16:21:27.050,RaT
314,yeah right,2021-05-04 16:20:52.237,rat
315,I've been to the bottom before:,2021-05-04 16:20:32.173,RaT
316,nice callum üëå,2021-05-04 16:17:36.723,moose_123_
317,oh wait you can click lol,2021-05-04 16:17:13.574,moose_123_
318,the only thing legible is Quasi Connectivity and Piglin Barterer,2021-05-04 16:16:59.464,moose_123_
319,waht is that the iceberg of?,2021-05-04 16:16:24.501,rat
320,"Technical Minecraft Iceberg
https://i.redd.it/q8zljmh7rr361.jpg",2021-05-04 16:16:03.633,Calamari
321,https://downloadmoreram.com/,2021-05-03 17:26:47.071,Soggy
322,,2021-05-02 21:37:40.548,Toxtrok
323,"This is the Roslyn C# compiler, which is used to compile C# into an assembly. I was wondering what it was programmed in, so I looked on it's GitHub and...",2021-05-01 23:00:44.327,Calamari
324,,2021-05-01 21:57:19.624,Calamari
325,bery,2021-04-30 23:39:34.775,Toxtrok
326,The safest of decisions,2021-04-30 23:38:01.756,Silverysky
327,don't mid me i am just netherite mining without potions or armor,2021-04-30 22:34:10.142,Toxtrok
328,,2021-04-30 03:39:13.459,RaT
329,there we go,2021-04-30 03:39:10.692,RaT
330,I got to 30 large wows than accidentally closed the tab,2021-04-30 03:22:45.136,RaT
331,https://longdogechallenge.com/,2021-04-30 02:43:58.645,Calamari
332,https://www.youtube.com/watch?v=jpw2ebhTSKs,2021-04-30 02:15:41.262,Toxtrok
333,so it's just a zombie,2021-04-29 02:44:52.146,RaT
334,no it's not a villager zombie,2021-04-29 02:44:47.487,RaT
335,*zillager and vombie,2021-04-29 02:33:37.447,Calamari
336,zillager and zombie,2021-04-29 02:22:31.609,RaT
337,villager and zombie hanging out and being buds,2021-04-29 00:42:20.754,Toxtrok
338,"Welcome to Windows 10 (I have no idea how this happened, i'm just lucky I got a screenshot before the number changed.)",2021-04-28 17:36:28.285,Fire24
339,"more turnip stuff:
https://playturnipboy.com",2021-04-27 16:18:37.359,RaT
340,(He texted it to me too lmao),2021-04-27 15:41:21.832,moose_123_
341,Confirmed,2021-04-27 15:41:06.539,moose_123_
342,Callum‚Äôs new favorite emoji?,2021-04-27 15:41:02.948,moose_123_
343,üëØ‚Äç‚ôÇÔ∏è,2021-04-27 15:23:38.696,Calamari
344,https://www.youtube.com/watch?v=1SBxsv_T_Jw&ab_channel=Piemations,2021-04-26 21:14:55.716,Fire24
345,,2021-04-26 05:35:42.214,Fire24
346,,2021-04-25 16:29:46.643,Fire24
347,wow these villagers are either nomadic or really lazy,2021-04-25 04:32:57.291,Calamari
348,Can you believe it? Callum?,2021-04-22 15:09:19.479,RaT
349,(Courtesy of <@397191449894060045>),2021-04-22 04:38:32.070,moose_123_
350,https://tenor.com/view/goodnight-callum-goodnight-callum-gif-20487129,2021-04-22 04:36:53.039,moose_123_
351,`https://tenor.com/view/lana-lennon-grace-elizabeth-camera-gif-15660467`,2021-04-22 04:28:08.477,moose_123_
352,https://tenor.com/view/lana-lennon-grace-elizabeth-camera-gif-15660467,2021-04-22 04:26:03.827,moose_123_
353,https://tenor.com/btQOH.gif,2021-04-22 04:25:51.916,Calamari
354,https://tenor.com/view/heiitse-cfc-chelsea-fc-thomas-tuchel-cho-gif-20164490,2021-04-22 04:25:04.597,moose_123_
355,"For some reason, searching Callum gives you some weird stuff",2021-04-22 04:24:52.922,moose_123_
356,https://tenor.com/view/callum-parse-liverpool-garlic-breath-gif-18767909,2021-04-22 04:24:15.280,moose_123_
357,credit to Jonah,2021-04-22 04:23:17.895,Calamari
358,https://tenor.com/view/callum-parse-liverpool-bald-baldie-gif-18777282,2021-04-22 04:23:04.204,Calamari
359,?,2021-04-21 19:09:19.888,rat
360,,2021-04-21 19:08:47.776,Randomtings
361,this https://www.youtube.com/watch?v=G7R1N7aF7d0,2021-04-21 00:01:32.902,Toxtrok
362,"#notStealingMemes
purplane tho no joke is the best server software
https://github.com/notOM3GA/Purplane",2021-04-18 22:18:19.976,Calamari
363,hehe,2021-04-18 22:17:25.480,Calamari
364,all of mine i ahve created,2021-04-18 22:17:06.118,rat
365,???,2021-04-18 22:17:00.058,rat
